,name,rank
0,一品生活1983,2皇冠
1,思琪全球美妆铺,4皇冠
2,韩韩护肤美妆,3皇冠
3,小也香水 美妆馆,其他
4,SS小屋金牌卖家全球购,5皇冠
5,许如花的英国买手店,1皇冠
6,达达妈咪生活馆,1金皇冠
7,问妆化妆品,1金皇冠
8,莉蒂雅Lydia,2金皇冠
9,五花肉小粗腿儿,1皇冠
11,Mia的私享海淘屋,5皇冠
12,小茹彩妆铺,2皇冠
13,美奇氏化妆品,其他
14,YIKA FASHION,5钻
38,青青de小店,1皇冠
39,See C 英國化妝品代購,2皇冠
40,花相公美妆,其他
42,nice老庄 彩妆代购,2皇冠
43,稚优泉美妆品店,其他
44,MUMU妈咪只售正品,3皇冠
45,Lily姐代购,2皇冠
46,朱朱猪猪美妆全球购,3皇冠
48,巨大猫咪酱,2皇冠
49,有Bigger的代购,1皇冠
50,叶彬儿彩妆护肤,2金皇冠
51,秋子mm 美妆全球购,1金皇冠
52,海外直通车 英伦优品,2皇冠
80,SU3只卖自己使用,1金皇冠
81,essonmama全球购,4皇冠
82,树琳名妆,2金皇冠
83,开名,1金皇冠
84,靓丽韩妆只售韩国正品 主营3CE彩妆,1金皇冠
85,阿健美妆日上代购,3皇冠
86,MSee Collection,其他
87,Candy莫斯科代购,4皇冠
88,欧美名牌化妆品折扣店,4皇冠
89,居然有人做加拿大代购,1皇冠
90,DELANCI露凝香,其他
91,糖糖颜究所,2皇冠
92,阿凝日韩人肉代go,4皇冠
93,美宝莲美妆,5钻
94,巴巴爸爸 Barpa 护肤美妆,其他
95,肥班班,1皇冠
96,kate spade大中华区带盐人,其他
97,彩妆新势力,其他
98,虫虫家 阿玛尼 圣罗兰 迪奥 雅诗兰黛 兰蔻 纪梵希 萝卜丁 免税店,4皇冠
99,纯天然炫彩口红工作室,5钻
100,聚韩优品JOJO家,3皇冠
101,先生家,5皇冠
102,橘子家韩妆,3皇冠
103,归圃,5钻
104,小美全球奢侈品代购,5皇冠
105,小怪兽的代购小铺 每周六晚20点30上新直播,4皇冠
106,SY希腊小屋,3皇冠
107,西西靓妆世界小铺,2金皇冠
108,温馨名妆,1金皇冠
109,喵喵美人屋,5皇冠
110,伊人口红店,其他
111,JC shop 代购,3皇冠
112,橘子味的港代猫,2皇冠
113,宝仔妈妈美国购,5钻
114,宝岛双鱼妈美妆购,2皇冠
115,烨淘美妆全球购,2皇冠
116,老菇凉杂货铺,其他
117,日本和英国的吃土少女,其他
118,广东仪器网,其他
119,晓飞姐姐全球购,5钻
120,浅草风Asakusa 专柜正品,2金皇冠
121,Evan 伊梵 创意礼品,其他
122,SWEET KR 甜甜美妆,其他
123,西瓜小姐全球购,其他
124,Mirror酱東京代购,5钻
125,LU'S英国代购,2皇冠
126,香港珍品廊,4皇冠
127,尖儿货美妆店,2皇冠
128,蝶妖化妆品－不变的是坚持正货的初心,5皇冠
129,猫小乖韩国购,4皇冠
130,妞妞蛋蛋全球购,5皇冠
131,野孩子的批发店,1金皇冠
132,不凡美妆馆,2皇冠
133,贝拉全球正品代购,2皇冠
134,艾睿麻麻全球购,2皇冠
135,浮云美妆,5皇冠
136,莹莹纤女美容中心,其他
137,BABY FACE 日本高端睫毛店,1皇冠
138,映姿化妆品,其他
139,很厉害的代购,5皇冠
140,香草小姐全球购,其他
141,法国小小辣妈全球购,其他
142,TF海淘之家,5皇冠
143,阿芙精油正品折扣店,5钻
144,失落的谷雨,5皇冠
145,蜜恩熙免税店直购,3皇冠
146,宋小兔俄罗斯代购,3皇冠
147,H家代购,5皇冠
148,BOOMBOOM美妆,4皇冠
149,美妍小铺免税店代购,其他
150,曼妹在香港,2皇冠
151,梨涡娘娘,2皇冠
152,风筝法国美妆,4皇冠
153,GTT韩国代购小铺 4月20日飞韩国,1皇冠
154,丸子头的韩妆店,4皇冠
155,柠檬黄代购,其他
156,UU的舶来品,1皇冠
157,方恰拉的美妆店,5皇冠
158,魅力银座日妆代购,5皇冠
159,胖妹的海淘代购店,5钻
160,MISSKELLY美妆 化妆品全球购,2皇冠
161,鱼美人美妆旗航店,其他
162,稚优泉彩妆品牌旗舰店,其他
163,茶茶代购杂货铺,其他
164,朵妈加拿大代购,2皇冠
165,美日心情狐狸美妆,其他
166,久久喵の日本代购,2皇冠
167,小歪淘白菜,4皇冠
168,vivi薇薇美妆,5皇冠
169,芭比吹泡泡,5皇冠
170,仙人球海外购,1皇冠
171,乳牛妈咪,2金皇冠
172,姗大人SONIA的美妆店,2皇冠
173,KILLER LE ROUGE,其他
174,漂亮女孩香港代购,4皇冠
175,奥黛丽英国购,5钻
176,SEPHORA国内正品代购100％正品,其他
177,小麻袋日本代购,5皇冠
178,FOREVER US 我们,1金皇冠
179,美白护肤12年,其他
180,品东方,1金皇冠
181,可舍青青 化妆品店,4皇冠
182,IRIS美国正品代购,5钻
183,香草代购铺,3皇冠
184,妃哥美妆馆,2皇冠
185,我可是你的小仙女,1皇冠
186,传奇今生旗舰店8年老店,1皇冠
187,腐败小窝,2金皇冠
188,SUSU SHOP苏苏的店,2金皇冠
189,Lychee Beautique,5钻
190,熙熙欧美名品折扣店,2皇冠
191,小宝代购意大利,其他
192,屁桃君日韩人肉代购,其他
193,玩美变妆 亚亚家,5皇冠
194,猪哼少,其他
195,梦想岛国化妆品,其他
196,We're SHOPAHOLICS,其他
197,男风时尚生活 坚持正品低价,1金皇冠
198,小妹全球购2017,其他
199,小恶魔药妆,2金皇冠
200,三顺全球购,3皇冠
201,番茄美妆铺,2皇冠
202,L靓妆 化妆品,5钻
203,小罗美妆代购,5皇冠
204,sarah新鲜全球购 棒棒董事长的店,4皇冠
205,你的代购 小Miu,1皇冠
206,口红故事,5钻
207,小媛纸希罗正品店,其他
208,喵小玥の美妆城堡,2金皇冠
209,PIGGE西班牙代购,5钻
210,专柜直购香水店,5钻
211,朵妈全球购,4皇冠
212,粉墨登场专柜正品美妆店,2金皇冠
213,tmao,3皇冠
214,一力米灰 定制女鞋,5皇冠
215,悦实日本代购直邮,3皇冠
216,八月美妆室,2皇冠
217,竹下桃子,2皇冠
218,又见白娘娘海外代购,4皇冠
219,浮间舟渡日本代购,3皇冠
220,悉尼正品店,1皇冠
221,香港MCP麥卡風美容,2皇冠
222,THEYUKI,3皇冠
223,包几虾海淘购,5钻
224,贵贵俄罗斯代购,2皇冠
225,潮妆小铺,2皇冠
226,法国灰太太全球购,4皇冠
227,大鼻子俄罗斯代购,2皇冠
228,淳淳美国免税州代购,4皇冠
229,一日一年,其他
230,楠楠美妆店铺 楠,其他
231,贝美彩妆店,其他
232,星空社微商爆款,其他
233,一棵小美,2皇冠
234,昔颜日本代购,1皇冠
235,LuLu直播全球购,其他
236,优美良品美妆店,1皇冠
237,唯妆会海外代购店,2皇冠
238,coco全球购美妆店,3皇冠
239,大鱼在欧洲,其他
240,护唇达人,其他
241,娟娟博士全球购,4皇冠
242,肉酱商店RJIANG ONLINE,其他
243,姐姐吉祥,5皇冠
244,代购狗!DAYGOGO,1皇冠
245,柚柚全球购,3皇冠
246,靚豬妝房,2金皇冠
247,MAC芭比波朗美国代购,3皇冠
248,蜜琪美妆 正品化妆品免税店,5皇冠
249,跳跳妈德国代购,3皇冠
250,薏米美妆店,2皇冠
251,莉莉澳洲生活馆,5钻
252,唇色心情美妆店,其他
253,倾城手工彩妆工作室,5钻
254,虞美人cc美妆,4皇冠
255,丽丝人家美妆,5皇冠
256,安可梦UNCLEMOON,2皇冠
257,Judydoll橘朵,4皇冠
258,美少女代购简称美代,1皇冠
259,丁小兔韩国代购,其他
260,Olivia十月盛夏 每周六上新,5皇冠
261,橙客全球购品牌店,其他
262,小太阳全球购购,其他
263,RUIKI日本GO,其他
264,白小姐的代购店,4皇冠
265,荷叶边彩妆,2皇冠
266,FANFAN家范范,2金皇冠
267,兰喵的日常,5皇冠
268,Korea 小影家首尔站,2皇冠
269,丫丫 MAKE UP 国货彩妆,其他
270,泡菜娃娃全球购,5皇冠
271,西子的珍宝,3皇冠
272,Queen海外代购,5钻
273,小熊的日本免税店,3皇冠
274,yelin港代,1皇冠
275,惠心惠购 霸道店主爱上你,3皇冠
276,嘟嘟美妆正品店,1金皇冠
277,Yang G美妆护肤店,其他
278,时尚彩妆美甲店,其他
279,张小呆美国代购,其他
280,欧美优品英伦汇馆,其他
281,默默韩妆,5皇冠
282,红颜小铺正品美妆商城,1金皇冠
283,景辰美化旗舰店,其他
284,韩美妆正品代购店,5钻
285,安安妈咪的双城生活,2皇冠
286,榴莲菠萝妹 top women香港购,1金皇冠
287,Holdlive品牌直销店,3皇冠
288,梦曼谷 天然手工定制,其他
289,美妆正品直销商店,5钻
290,静爷Joe 彩妆全球购,其他
291,AQIN MOMENT,其他
292,太宅太闹的空姐代购店,2金皇冠
293,Freya在俄罗斯,其他
294,JY 法国药妆,5皇冠
295,Sandy浪美国,5钻
296,添美靓妆彩妆护肤品店,其他
297,欧吧站,1皇冠
298,TF 正品海外购,其他
299,哆啦C梦公馆海外购,2皇冠
300,万国百货店,3皇冠
301,假装在吉隆坡,其他
302,Joey美妆代购,5皇冠
303,瑶驮香港代购,其他
304,被你胖哭代购君,2皇冠
305,一颗蛋兜兜,其他
306,芳芳带你新马GO,4皇冠
307,大C香港站,其他
308,娃娃家进口化妆品代购,1金皇冠
309,敏儿海外全球购,5皇冠
310,涉谷之源日本正品代购,3皇冠
311,梅子全球美妆,5钻
312,很正的代购,其他
313,苗小喵的美妆小铺,1皇冠
314,我是女王香港代购店,4皇冠
315,童心的护肤私橱,5钻
316,上官晓小生活美妆殿,1金皇冠
317,甜橙汇美妆全球购,其他
318,我买还不行吗,其他
0,lancome兰蔻官方旗舰店,天猫
1,mac魅可官方旗舰店,天猫
2,ysl圣罗兰美妆官方旗舰店,天猫
3,天猫国际官方直营,天猫
5,碧凡化妆品专营店,天猫
6,givenchy纪梵希官方旗舰店,天猫
7,睿美姿化妆品专营店,天猫
8,阿玛尼美妆官方旗舰店,天猫
9,依时国际化妆品海外专营店,天猫
15,vnk旗舰店,天猫
16,卡姿兰宏达美景专卖店,天猫
18,美宝莲旗舰店,天猫
19,卡姿兰恋尚专卖店,天猫
28,雅诗兰黛官方旗舰店,天猫
30,guerlain娇兰官方旗舰店,天猫
31,美康粉黛旗舰店,天猫
34,兰芝官方旗舰店,天猫
35,稚优泉化妆品旗舰店,天猫
40,小也官方旗舰店,天猫
43,thesaem得鲜旗舰店,天猫
46,肌肤之钥官方旗舰店,天猫
52,洛梵诗旗舰店,天猫
63,欧莱雅官方旗舰店,天猫
66,冰之恋化妆品旗舰店,天猫
75,进鑫铭帮化妆品专营店,天猫
76,卡姿兰瑞鼎诚专卖店,天猫
77,肌肤之食旗舰店,天猫
79,欧莱雅彩妆旗舰店,天猫
81,美丽聚海外专营店,天猫
86,千色店旗舰店,天猫
89,zeesea旗舰店,天猫
90,memebox海外旗舰店,天猫
93,魅力惠官方旗舰店,天猫
106,美宝莲悦宁专卖店,天猫
108,健美创研旗舰店,天猫
119,碧奥泉旗舰店,天猫
121,bonosidan宝罗丝丹旗舰店,天猫
125,植村秀官方旗舰店,天猫
128,卡姿兰官方旗舰店,天猫
135,蜜丝佛陀官方旗舰店,天猫
142,人鱼之水化妆品旗舰店,天猫
154,兴美化妆品专营店,天猫
155,iope艾诺碧弘笑专卖店,天猫
157,careplus海外旗舰店,天猫
160,sephora丝芙兰官方旗舰店,天猫
176,芭比波朗官方旗舰店,天猫
179,蓝色之恋旗舰店,天猫
182,骏然海外专营店,天猫
185,水密码旗舰店,天猫
193,loreal欧莱雅博尼达专卖,天猫
196,钤濎行海外专营店,天猫
200,资泊丽旗舰店,天猫
201,妙巴黎旗舰店,天猫
235,芭妮兰官方旗舰店,天猫
237,jillstuart官方旗舰店,天猫
240,梓薇国际海外专营店,天猫
243,后官方旗舰店,天猫
253,ukiss旗舰店,天猫
262,薇罗尼卡旗舰店,天猫
264,toorune肽润旗舰店,天猫
286,clinique倩碧官方旗舰店,天猫
307,欧莱雅美洁金信专卖店,天猫
317,诗唯雅化妆品专营店,天猫
328,sum37官方旗舰店,天猫
356,rozo旗舰店,天猫
361,绿缘萝旗舰店,天猫
370,韩熙贞旗舰店,天猫
373,卡姿兰美诗专卖店,天猫
375,深蓝彩妆旗舰店,天猫
380,葆玛蕾敦旗舰店,天猫
388,诗佩妮旗舰店,天猫
395,丽扬化妆品旗舰店,天猫
399,通万化妆品专营店,天猫
437,卡姿兰丽尚专卖店,天猫
446,兰瑟化妆品旗舰店,天猫
449,伯特小蜜蜂海外旗舰店,天猫
457,透真旗舰店,天猫
464,lac烙色旗舰店,天猫
466,mamonde梦妆美妆专卖店,天猫
470,holdlive旗舰店,天猫
472,玛丽黛佳旗舰店,天猫
478,卡姿兰悦美专卖店,天猫
483,mytime官方海外旗舰店,天猫
491,美泰化妆品专营店,天猫
497,美宝莲恒骊祥专卖店,天猫
507,凯信东方化妆品专营店,天猫
514,美宝莲小宅专卖店,天猫
517,美宝莲美洁金信专卖店,天猫
524,柏蕊诗化妆品旗舰店,天猫
566,保利屋海外专营店,天猫
570,revlon海外旗舰店,天猫
591,thesaem官方海外旗舰店,天猫
597,健美创研力亿专卖店,天猫
601,韩熙贞邦途专卖店,天猫
603,七晨旗舰店,天猫
604,花迷旗舰店,天猫
610,百雀羚旗舰店,天猫
640,rec化妆品旗舰店,天猫
645,阿芙红动专卖店,天猫
660,xixi旗舰店,天猫
667,诗蒂娅旗舰店,天猫
681,canmake海外旗舰店,天猫
688,美宝莲欧美斯专卖店,天猫
700,innisfree官方旗舰店,天猫
701,希芸尚之美专卖店,天猫
725,stonehouse海外旗舰店,天猫
729,伊丽莎白雅顿官方旗舰店,天猫
754,makeupforever官方旗舰店,天猫
761,xylife海外专营店,天猫
782,琪琼化妆品专营店,天猫
792,shiseido资生堂官方旗舰店,天猫
795,sisley希思黎官方旗舰店,天猫
822,希芸旗舰店,天猫
831,香草物语化妆品专营,天猫
835,娥佩兰旗舰店,天猫
840,羽西官方旗舰店,天猫
849,zfc化妆品旗舰店,天猫
865,hera赫妍官方旗舰店,天猫
908,雅思丽莎化妆品专营店,天猫
915,colourfeel旗舰店,天猫
958,绿蜜蜂海外专营店,天猫
972,卡奈姿旗舰店,天猫
988,雅妆化妆品专营店,天猫
997,梦妆官方旗舰店,天猫
1000,scauer熙雅旗舰店,天猫
1013,iope艾诺碧官方旗舰店,天猫
1025,采果化妆品专营店,天猫
1034,芯动力国际海外专营店,天猫
1039,水密码如若专卖店,天猫
1045,美涵化妆品专营店,天猫
1071,梦妆花海专卖店,天猫
1079,lansur兰瑟隽穆专卖店,天猫
1099,colorseed旗舰店,天猫
1100,heelaa荷拉旗舰店,天猫
1112,透蜜旗舰店,天猫
1137,hourglass海外旗舰店,天猫
1165,恒希化妆品专营店,天猫
1167,自然堂旗舰店,天猫
1193,nico旗舰店,天猫
1200,dhc蝶翠诗官方旗舰店,天猫
1216,lansur兰瑟中晨专卖店,天猫
1218,谢馥春旗舰店,天猫
1228,thefaceshop官方店,天猫
1239,美宝莲俪澜专卖店,天猫
1250,suhu尚惠旗舰店,天猫
1261,淘韩海外专营店,天猫
1270,阿芙官方旗舰店,天猫
1276,百罗旗舰店,天猫
1296,娇兰佳人化妆品旗舰店,天猫
1312,za姬芮萱菲专卖店,天猫
1314,veecci唯资旗舰店,天猫
1319,静雅化妆品专营店,天猫
1346,土家硒泥坊旗舰店,天猫
1367,思琪化妆品专营店,天猫
1383,亮立得化妆品旗舰店,天猫
1408,天猫超市,天猫
1472,美宝莲博尼达专卖店,天猫
1473,milani官方海外旗舰店,天猫
1474,美康粉黛归真堂专卖店,天猫
1486,moamis旗舰店,天猫
1499,恋意旗舰店,天猫
1553,梵家旗舰店,天猫
1556,卡婷旗舰店,天猫
1563,兰瑟梵可诗专卖店,天猫
1573,若萱旗舰店,天猫
1586,御泥坊旗舰店,天猫
1595,mgpin毛戈平旗舰店,天猫
1626,immeme旗舰店,天猫
1649,annasui安娜苏官方旗舰店,天猫
1726,颐央化妆品专营店,天猫
1741,lecosme海外专营店,天猫
1758,曼秀雷敦存泽专卖店,天猫
1769,美诺旗舰店,天猫
1784,etudehouse伊蒂之屋旗舰店,天猫
1786,bob旗舰店,天猫
1790,亨跃旗舰店,天猫
1817,巧迪尚惠天赐宏图专卖店,天猫
1824,ea旗舰店,天猫
1849,阿芙悠奇专卖店,天猫
1874,wetnwild旗舰店,天猫
1895,君晟世纪化妆品专营,天猫
1914,za姬芮官方旗舰店,天猫
1919,汇美社海外专营店,天猫
1922,妮雅丝化妆品旗舰店,天猫
1941,kate官方旗舰店,天猫
1950,京辰恒泰化妆品专营店,天猫
1963,蒂诗颜旗舰店,天猫
1974,gopas高柏诗美妮兰专卖店,天猫
1994,敏婷海外旗舰店,天猫
1995,花美时化妆品旗舰店,天猫
2012,九维化妆品专营店,天猫
2017,ilisya化妆品旗舰店,天猫
2035,极密旗舰店,天猫
2040,livingnature海外旗舰店,天猫
2072,ponyeffect旗舰店,天猫
2089,syrinx希芸蕴丝专卖店,天猫
2127,凯芙兰旗舰店,天猫
2130,亚玛迪化妆品旗舰店,天猫
2141,gnmn旗舰店,天猫
2168,曼秀雷敦旗舰店,天猫
2188,索菲欧旗舰店,天猫
2202,zuzu旗舰店,天猫
2214,stylenanda海外旗舰店,天猫
2221,英树化妆品旗舰店,天猫
2237,顺祺化妆品专营店,天猫
2251,redearth红地球官方旗舰店,天猫
2253,mcc旗舰店,天猫
2293,欧莱雅悦宁专卖店,天猫
2335,素浴旗舰店,天猫
2343,kakapark旗舰店,天猫
2348,卡姿兰诗唯雅专卖店,天猫
2351,loreal欧莱雅欧美斯专卖店,天猫
2353,妍姿化妆品专营店,天猫
2360,mistine化妆品旗舰店,天猫
2365,健美创研韩莫若专卖店,天猫
2377,巧迪尚惠尚时美专卖店,天猫
2380,clio珂莱欧官方旗舰店,天猫
2401,健美创研三佳专卖店,天猫
2449,山庄女孩化妆品旗舰店,天猫
2455,润千鸿化妆品专营店,天猫
2478,bynanda化妆品旗舰店,天猫
2489,慕恩化妆品专营店,天猫
2500,bqcover佩翘封面旗舰店,天猫
2512,瑞驰化妆品专营店,天猫
2515,faceyarn花妍丽旗舰店,天猫
2520,芜湖美姿化妆品专营,天猫
2579,amy安美化妆品旗舰店,天猫
2587,阿部药妆海外旗舰店,天猫
2608,leelan旗舰店,天猫
2622,bob依碧专卖店,天猫
2648,魔后旗舰店,天猫
2659,霞飞上海专卖店,天猫
2665,瑜然美化妆品旗舰店,天猫
2685,pauljoe海外旗舰店,天猫
2690,盈彩海外专营店,天猫
2694,迷你化妆品旗舰店,天猫
2697,rojank茹妆千珏专卖店,天猫
2704,ekoplaza官方海外旗舰店,天猫
2717,妮欧瓦旗舰店,天猫
2728,吾悦化妆品专营店,天猫
2730,妮维雅尚之美专卖店,天猫
2735,乐阳化妆品专营店,天猫
2748,雅邦化妆品旗舰店,天猫
2764,法丽莎化妆品专营,天猫
2809,朵漫化妆品专营店,天猫
2821,欧莱雅俪澜专卖店,天猫
2829,韩熙贞驿成专卖店,天猫
2900,自然堂名轩专卖店,天猫
2904,朵拉朵尚旗舰店,天猫
2952,雪影化妆品旗舰店,天猫
2969,出彩化妆品旗舰店,天猫
2984,eos化妆品旗舰店,天猫
2999,草木之心旗舰店,天猫
3007,若兮化妆品专营店,天猫
3024,thefaceshop沐格专卖店,天猫
3049,恒芳旗舰店,天猫
3059,蓝秀化妆品旗舰店,天猫
3063,洛姿旗舰店,天猫
3069,drogist海外旗舰店,天猫
3070,名轩化妆品专营店,天猫
3105,雅诗泉旗舰店,天猫
3122,自然婷旗舰店,天猫
3132,哈哈公主化妆品旗舰店,天猫
3139,liking海外旗舰店,天猫
3151,larastyle旗舰店,天猫
3160,颜素真旗舰店,天猫
3172,火烈鸟化妆品旗舰店,天猫
3177,populart玻儿旗舰店,天猫
3187,梦妆焱雯专卖店,天猫
3205,秀尚化妆品专营店,天猫
3232,志和海外专营店,天猫
3255,草木之心杭帮专卖店,天猫
3264,君淑化妆品专营店,天猫
3279,赫拉旗舰店,天猫
3286,iope艾诺碧瑞鼎诚专卖店,天猫
3288,欧如拉海外专营店,天猫
3309,蓓佳海外专营店,天猫
3323,法兰玫旗舰店,天猫
3336,大世界海外专营店,天猫
3348,lanman烂熳旗舰店,天猫
3353,ny纽约海外专营店,天猫
3355,caremille珂曼旗舰店,天猫
3369,kkxx旗舰店,天猫
3407,博尼达化妆品专营店,天猫
3419,妮维雅博尼达专卖店,天猫
3424,爱妆海外专营店,天猫
3451,爱美丽化妆品专营,天猫
3453,得鲜博森专卖店,天猫
3459,mistine海外旗舰店,天猫
3464,美天宸化妆品专营店,天猫
3481,美宝莲中联专卖店,天猫
3487,realls海外专营店,天猫
3512,unichem海外旗舰店,天猫
3524,倩盼化妆品旗舰店,天猫
3544,小蜜坊旗舰店,天猫
3548,优然化妆品旗舰店,天猫
3563,猫语玫瑰旗舰店,天猫
3569,优合良行海外专营店,天猫
3597,7secs旗舰店,天猫
3603,naturerepublic旗舰店,天猫
3610,阿奴旗舰店,天猫
3620,bob施露兰专卖店,天猫
3631,clubclio海外旗舰店,天猫
3641,丹帝化妆品旗舰店,天猫
3644,farmacity海外旗舰店,天猫
3646,穗桦化妆品专营店,天猫
3650,巧迪尚惠旗舰店,天猫
3690,伽优旗舰店,天猫
3695,lansur兰瑟聚福隆专卖店,天猫
3702,kryolan海外旗舰店,天猫
3713,liphop唇骑士旗舰店,天猫
3744,美颜秘笈旗舰店,天猫
3745,韩思黎化妆品旗舰店,天猫
3765,高柏诗旗舰店,天猫
3768,得鲜小也专卖店,天猫
3815,理想无限化妆品专营店,天猫
3846,蓓娜尔斯旗舰店,天猫
3887,泊泉雅雅兰丝专卖店,天猫
3902,飞润化妆品专营店,天猫
3903,丽吾琼旗舰店,天猫
3927,韩婵居家日用旗舰店,天猫
3945,安徽悦美化妆品专营店,天猫
3951,诱惑日化旗舰店,天猫
3970,韩恩化妆品旗舰店,天猫
3979,16brand旗舰店,天猫
4000,qdsuh巧迪尚惠梵可诗专卖,天猫
4010,antipodes海外旗舰店,天猫
4034,嘉众化妆品海外专营店,天猫
4061,永乔化妆品专营店,天猫
4089,戴春林旗舰店,天猫
4101,欧莱雅恒骊祥专卖店,天猫
4140,hkh旗舰店,天猫
4151,凯芙兰美诗专卖店,天猫
4158,魅力惠海外旗舰店,天猫
4234,avon雅芳官方旗舰店,天猫
4235,thebalm海外旗舰店,天猫
4240,珀蕾旗舰店,天猫
4277,屈臣氏海外旗舰店,天猫
4278,iseno伊丝诺化妆品旗舰店,天猫
4297,丽人丽妆官方旗舰店,天猫
4304,美康粉黛娜啦专卖店,天猫
4311,米丽海外专营店,天猫
